0.000000000000000000e+00,0.000000000000000000e+00,0.000000000000000000e+00,0.000000000000000000e+00,0.000000000000000000e+00,0.000000000000000000e+00
6.967314077727191801e+00,8.364277454147227786e+00,7.175747275029677574e+00,8.211102272030547766e+00,9.622069698036799679e+00,-6.117527444903505529e-01
1.036644697149331584e+01,1.261121880913919746e+01,1.175330675795115809e+01,1.286247949210472896e+01,1.411880598799992015e+01,3.747435981504834590e+00
8.151089563751773071e+00,9.426013630025849466e+00,8.388943633974108138e+00,9.349809624500757366e+00,1.072936333135031006e+01,4.957280677957612292e-02
1.153182879214274426e+00,-7.248126660133425325e+00,-6.413550089689503686e+00,-7.201362045697674574e+00,-8.549053083618906257e+00,-9.564157077241571159e+00
0.000000000000000000e+00,0.000000000000000000e+00,0.000000000000000000e+00,0.000000000000000000e+00,0.000000000000000000e+00,0.000000000000000000e+00
-6.149091161047854470e+00,-6.383000947210399900e+00,1.153182239426834954e+00,-5.167916959349183159e+00,-1.139425117615243543e+01,-9.771209549132219507e+00
4.249497181237450683e+00,-4.771423103324726078e+00,-4.678594103338922672e+00,-5.714373599475983667e+00,-8.464537550342678074e+00,-9.008440069470756484e+00
9.622069105379031484e+00,-2.290780297572409641e+00,-1.908899329726188698e+00,-4.017307153939840170e+00,-6.223701273420839897e+00,-6.997459076942737610e+00
5.302522759875665237e+00,-3.299247863294008543e+00,-3.014969600414320272e+00,-5.042621938283759597e+00,-1.053907570454693499e+01,-7.590442311414314247e+00
0.000000000000000000e+00,0.000000000000000000e+00,0.000000000000000000e+00,0.000000000000000000e+00,0.000000000000000000e+00,0.000000000000000000e+00
6.366184484798673715e+00,-2.172176441686461068e+00,-5.002032621621360420e+00,-3.143703427891966662e+00,-1.022620282562543004e+01,-8.259953582471204925e+00
3.207002250798016707e+00,-5.741319316324069000e+00,-6.889641752986682910e+00,-6.021371633307660787e+00,-1.104745320587035096e+01,-1.049429535548047632e+01
5.302518588996532500e+00,-4.523284209627431274e+00,-4.458779406762601205e+00,-4.618194582754703958e+00,-7.097962436989214474e+00,-9.273085433075246797e+00
-4.899408855458483814e+00,-5.876698437668817832e+00,3.207001189280373588e+00,-6.816306762996052093e+00,-7.467428447129663915e+00,-1.059550348626351379e+01
0.000000000000000000e+00,0.000000000000000000e+00,0.000000000000000000e+00,0.000000000000000000e+00,0.000000000000000000e+00,0.000000000000000000e+00
1.761119273401394381e+01,1.879954077880445595e+01,1.761134721301242934e+01,1.879628116612644462e+01,9.797255538526441043e+00,1.999999999999998579e+01
1.072936333135031006e+01,9.393957808849149771e+00,9.678132363116592529e+00,9.368637275689502886e+00,5.038063836327657530e-01,8.442597275339039697e+00
1.527152119999992763e+01,1.402198243953009182e+01,1.196762244467635306e+01,1.403968505117430965e+01,4.715143320352214396e+00,1.257513800119354563e+01
1.184784174883870378e+01,1.037040561191365207e+01,8.198517974449845980e+00,1.058304570450501281e+01,1.508555831580004503e+00,9.140147212372776053e+00
0.000000000000000000e+00,0.000000000000000000e+00,0.000000000000000000e+00,0.000000000000000000e+00,0.000000000000000000e+00,0.000000000000000000e+00
-3.143187320834143428e+00,-1.961419511189861575e+00,-1.237989360416658524e+00,8.525849000930799448e+00,-4.467118873100515586e+00,-7.228737689685829082e+00
4.325260792788636621e-01,2.771214802818541045e+00,5.342204742915415139e-01,1.297761792803521175e+01,-2.418767815343443317e+00,-4.729262028482411395e+00
-2.927053296699436036e+00,-7.818807318989826616e-01,-6.718321172135297559e-01,9.622069697963699042e+00,-6.742164273520630857e+00,-6.911571942558165205e+00
2.174931778975849994e+00,-4.796714768640098825e+00,-5.643261525710899562e+00,-5.438637464932093657e+00,-1.015508999121402134e+01,-9.440054627839906232e+00
0.000000000000000000e+00,0.000000000000000000e+00,0.000000000000000000e+00,0.000000000000000000e+00,0.000000000000000000e+00,0.000000000000000000e+00
2.174932531384938361e+00,-7.721223602924853324e+00,-6.874185197854879803e+00,-7.046107557286721779e+00,-9.682809203960687228e+00,-7.900940854844153982e+00
5.302521826895103096e+00,-4.422570808145819932e+00,-3.582521997755021559e+00,-3.277597775797272295e+00,-6.446586015038058726e+00,-7.292148280917269076e+00
8.525848641996189414e+00,-2.022828898016529209e+00,4.991242261505676181e-01,-4.215359908773448794e+00,-3.763322164217398846e+00,-7.258694333322780246e+00
-6.189515313017420972e+00,-6.003295078384988770e+00,-5.293590346568366911e+00,4.249491327357845627e+00,-9.970271759980430915e+00,-8.579809025574238746e+00
0.000000000000000000e+00,0.000000000000000000e+00,0.000000000000000000e+00,0.000000000000000000e+00,0.000000000000000000e+00,0.000000000000000000e+00
5.302522608561071493e+00,-3.400276530902678562e+00,-6.144399175407341929e+00,-6.122722058366797171e+00,-8.679193326049091439e+00,-1.000113534488846057e+01
4.249497309015700885e+00,-4.809169694664389816e+00,-5.743174309475472583e+00,-4.991221444561789511e+00,-1.114976616997124736e+01,-1.060881390672417979e+01
6.366183899616634889e+00,-3.347512206345436336e+00,-3.324451075847683512e+00,-3.522309767635848132e+00,-7.078334912576757176e+00,-9.188456632450892059e+00
4.249497532277258571e+00,-5.646870565297016142e+00,-5.634065605284162004e+00,-4.484335993997984104e+00,-1.054557388697339348e+01,-8.477823418561673208e+00
0.000000000000000000e+00,0.000000000000000000e+00,0.000000000000000000e+00,0.000000000000000000e+00,0.000000000000000000e+00,0.000000000000000000e+00
1.453189147999995434e+00,0.000000000000000000e+00,0.000000000000000000e+00,1.879999995124930479e+01,8.262775600590379632e-01,-2.288536782033090855e+00
1.183331587146902919e+01,-2.424330038945902377e+00,-2.342737910443914551e+00,-1.188617944690044226e+00,-7.707659798039041554e+00,-8.465868787966645215e+00
3.673916736167675001e-01,-1.119115387586457011e+00,-1.157190277760667518e+00,1.393691196787854025e+01,-5.954554189147629017e+00,-2.833167814322179456e+00
1.217279019201442480e+01,-2.372630919299540064e+00,-2.340181958175695520e+00,-1.080788729114664060e+00,-3.667963050173865813e+00,-6.417805836105051398e+00
0.000000000000000000e+00,0.000000000000000000e+00,0.000000000000000000e+00,0.000000000000000000e+00,0.000000000000000000e+00,0.000000000000000000e+00
3.207002427526491228e+00,-5.997641394794145597e+00,-6.136451143315088785e+00,-6.488949236356529759e+00,-8.981089442791304833e+00,-9.635709628379769853e+00
7.440590153883231750e+00,-8.494898546310216680e-01,-4.525346748660910912e+00,-2.902475510498600642e+00,-7.265658942317630320e+00,-7.586568165954257204e+00
4.249497532277272782e+00,-2.593025365352686240e+00,-5.713137169097131540e+00,-2.001929494437220569e+00,-1.103386660947776221e+01,-8.905698682680876388e+00
-2.980943861559310015e+00,-3.795066861654147417e+00,7.440590510065224095e+00,-2.811591716447531475e+00,-8.519184157023575565e+00,-7.932913840652110693e+00
0.000000000000000000e+00,0.000000000000000000e+00,0.000000000000000000e+00,0.000000000000000000e+00,0.000000000000000000e+00,0.000000000000000000e+00
-4.073214039091012317e+00,-4.101638652688370357e+00,7.440590181328822439e+00,-5.064643499448974850e+00,-8.417052826571024937e+00,-1.005824141605555511e+01
-2.891129108426610639e+00,-1.687485088829470570e+00,1.072936324458636292e+01,-2.850056173616815958e+00,-3.120701744165444325e+00,-5.948594099933623980e+00
7.440590314461251964e+00,-3.188764703070720685e+00,-4.294466175935170327e+00,-5.404833199643903185e+00,-7.196661182894029452e+00,-9.189647614037589562e+00
3.207002264234901645e+00,-5.262646199109950018e+00,-5.999001810718035621e+00,-7.468062836644702607e+00,-9.255082633326855657e+00,-1.114335832824018091e+01
0.000000000000000000e+00,0.000000000000000000e+00,0.000000000000000000e+00,0.000000000000000000e+00,0.000000000000000000e+00,0.000000000000000000e+00
4.249494800916876258e+00,-6.207394307959677171e+00,-7.243942112728867677e+00,-6.152263588550296092e+00,-1.029215623276598812e+01,-1.077212868222272490e+01
5.302522682153746558e+00,-5.780092044060105572e+00,-2.710833136773218577e+00,-3.817298148204218311e+00,-7.297367864544906269e+00,-1.030668944349114646e+01
7.440590305946169991e+00,-2.132723916758081373e+00,-1.932808839568866732e+00,-2.195325768453571857e+00,-8.620764198645515464e+00,-8.830181058416231465e+00
-2.877699765056392245e+00,-4.864051911040782272e+00,5.302522476263798801e+00,-4.167073673529407607e+00,-9.459184932528241774e+00,-8.419755705481863473e+00
0.000000000000000000e+00,0.000000000000000000e+00,0.000000000000000000e+00,0.000000000000000000e+00,0.000000000000000000e+00,0.000000000000000000e+00
1.238772618187824648e+01,-2.080252713425145394e+00,-8.931552648921952109e-01,-2.139195692464602061e+00,-4.733789365291268147e+00,-5.478453129214348571e+00
-5.417870825967336934e-01,-4.846556828980000398e-01,1.688147560330273578e+00,-3.994003999000000360e-01,-3.497994100000000106e+00,-2.738691189999999942e+00
1.297080181960210332e+01,-3.247289975624263469e-01,-9.445311427937199689e-01,7.608698232583543941e-02,-6.991667565742188728e+00,-5.843399696376993191e+00
-9.650514200085176242e-01,-9.683093400037641185e-01,2.022819961045584591e+00,-9.615681981480849183e-01,-1.976096221972353906e+00,-1.909899999999999931e+00
0.000000000000000000e+00,0.000000000000000000e+00,0.000000000000000000e+00,0.000000000000000000e+00,0.000000000000000000e+00,0.000000000000000000e+00
2.174932445584179419e+00,-5.543159712570159492e+00,-6.406770775313936461e+00,-6.177348637978849588e+00,-7.990542266366740698e+00,-7.333193978138456082e+00
6.366184553609912200e+00,-4.751689186368963647e+00,-3.895978026751399703e+00,-3.602335054422752147e+00,-5.562494560338289595e+00,-8.533610557858873236e+00
-4.129156355560036573e+00,-3.853065601431396647e+00,-4.906946601639386785e+00,3.207002556954434258e+00,-1.000781423372646550e+01,-1.030168088459541309e+01
5.798975198645537787e+00,6.270411972218597363e+00,8.525849001056425180e+00,6.160137833396788665e+00,-1.701038467085258965e+00,-1.872888774655659727e+00
0.000000000000000000e+00,0.000000000000000000e+00,0.000000000000000000e+00,0.000000000000000000e+00,0.000000000000000000e+00,0.000000000000000000e+00
-2.573595238041788136e+00,-3.498720987046699094e+00,8.525849001056425180e+00,3.057348602453779929e-01,-6.223201615632297568e+00,-8.052659794348866029e+00
9.176360721807062859e+00,1.043209028478776723e+01,1.184784174883870378e+01,7.092709972991805500e+00,1.270477074107766002e+00,1.094777206552496995e+00
6.366184605935347740e+00,-3.535258199782507660e+00,-2.269911519347789230e+00,-1.518678521436714668e+00,-7.407379929445300881e+00,-7.293194254893745843e+00
2.174932203587879975e+00,-5.614515286046862563e+00,-6.765490861536706646e+00,-5.307896062983482821e+00,-9.135072412472906578e+00,-9.612870273467372328e+00
0.000000000000000000e+00,0.000000000000000000e+00,0.000000000000000000e+00,0.000000000000000000e+00,0.000000000000000000e+00,0.000000000000000000e+00
3.207001493834483075e+00,-6.829623802012668499e+00,-5.108348177907931387e+00,-7.422853285813174828e+00,-9.256139844788101811e+00,-1.102113813428119471e+01
6.366182825929706190e+00,-4.474844127728944798e+00,-4.647869533647116747e+00,-3.386005390080415012e+00,-6.667290017694167403e+00,-9.321916929421147913e+00
8.525848814825955913e+00,-2.811319402789330013e+00,-8.897428605764019505e-01,-2.035645639105935878e+00,-8.308970181706010649e+00,-6.149134709985500713e+00
6.366184605935394814e+00,-5.630212743865752323e-01,-4.757989788118456964e+00,-2.363708788208871425e+00,-6.807926972934232879e+00,-7.275165511614082980e+00
0.000000000000000000e+00,0.000000000000000000e+00,0.000000000000000000e+00,0.000000000000000000e+00,0.000000000000000000e+00,0.000000000000000000e+00
1.184784174883870378e+01,1.036281434364158471e+01,9.460097243480467100e+00,9.397752794633371209e+00,1.594924573464229445e+00,1.327815533201960330e+00
2.812496753935511240e+00,1.581289993416196582e+00,1.879999999941954769e+01,-4.038095828980000079e-01,-3.880000007882600244e-02,7.257532491715361633e-01
1.184784174883870378e+01,1.052781531562405171e+01,9.237987722381893363e+00,1.115173339855614287e+01,1.371191139105292223e+00,1.115200201939055447e+00
1.526502839097798692e+01,-1.077157068616132252e+00,-9.235154466883022106e-01,-9.264491747396181864e-01,-1.248176751062055612e+00,-1.324201243194500943e+00
0.000000000000000000e+00,0.000000000000000000e+00,0.000000000000000000e+00,0.000000000000000000e+00,0.000000000000000000e+00,0.000000000000000000e+00
1.153183025326714128e+00,-6.573493969180733032e+00,-5.603058101224606347e+00,-6.487543605462954055e+00,-7.405716332666144375e+00,-7.421417029013019473e+00
5.302521831940991248e+00,-3.380922274648319625e+00,-4.930026811655550567e+00,-3.838729179180933926e+00,-6.856153385322087068e+00,-5.891011195532933620e+00
-4.986869129180509397e+00,-4.271088503509262502e+00,-6.345587308749871980e+00,2.174931475164613381e+00,-9.480697226011935541e+00,-9.644494180660146299e+00
7.278745636967205890e+00,8.143150519613200800e+00,8.305366618585797056e+00,7.308689354076330247e+00,9.622069698036799679e+00,-6.393453443286593041e-01
0.000000000000000000e+00,0.000000000000000000e+00,0.000000000000000000e+00,0.000000000000000000e+00,0.000000000000000000e+00,0.000000000000000000e+00
6.966874681815386161e+00,8.205537975363361269e+00,7.601257264665182589e+00,7.236459028874214994e+00,9.622069698036799679e+00,-6.367087633457894080e-01
1.052077700354064227e+01,1.153692140339101968e+01,1.119446061854013763e+01,1.031286529388233397e+01,1.297761792811991199e+01,2.659469311728329011e+00
-1.302904547299072346e+00,-3.948614622913077632e+00,-4.914853740362037371e+00,5.302518406224616676e+00,-7.209255036557101093e+00,-8.854356528362664847e+00
1.153183133194122911e+00,-7.066607052916650034e+00,-4.641591014098562340e+00,-6.920116739795794558e+00,-8.688169325479780269e+00,-9.985504153385253545e+00
0.000000000000000000e+00,0.000000000000000000e+00,0.000000000000000000e+00,0.000000000000000000e+00,0.000000000000000000e+00,0.000000000000000000e+00
2.174929951040572185e+00,-5.901443194432231643e+00,-6.634070095854669447e+00,-5.824707395364293383e+00,-9.715672784993161670e+00,-9.330458572898962188e+00
5.302518347757120054e+00,-3.875305126626094498e+00,-3.845121380335111194e+00,-3.654859678207433848e+00,-9.945289260110371288e+00,-8.846490057151179087e+00
7.440590160496534544e+00,-2.958212215980830173e+00,-1.193999710255896129e+00,-3.990200466392244127e+00,-9.649411130609145459e+00,-7.480151595978179024e+00
-3.708720202668017940e+00,-4.772143179375431643e+00,-3.079866861529273692e+00,5.302522308425080766e+00,-9.987851447599727095e+00,-9.202553017108524358e+00
0.000000000000000000e+00,0.000000000000000000e+00,0.000000000000000000e+00,0.000000000000000000e+00,0.000000000000000000e+00,0.000000000000000000e+00
1.023907946819772441e+01,9.484633658343440743e+00,9.228872165758561508e+00,1.072936333135031006e+01,5.654196017322269396e-01,8.124103245011433216e+00
1.761174617386100039e+01,1.879965403561076798e+01,1.879986225788865539e+01,1.761180697813079377e+01,9.799687106695600392e+00,1.999999999999998579e+01
9.718982193932713898e+00,9.180904684252292114e+00,9.012512214681690281e+00,1.072936333135031006e+01,4.282052354633675839e-01,8.369922974522721049e+00
1.411880598799992015e+01,1.250517757905302219e+01,1.266787586383527220e+01,1.358459007163643051e+01,3.739617324532745091e+00,1.165342057243021046e+01
0.000000000000000000e+00,0.000000000000000000e+00,0.000000000000000000e+00,0.000000000000000000e+00,0.000000000000000000e+00,0.000000000000000000e+00
5.633169648451211486e+00,8.525849001056425180e+00,6.239323906983663903e+00,7.147454937364486227e+00,-1.921255294133211500e+00,-1.971219854749852729e+00
1.007420901473355279e+01,1.297761792811991199e+01,1.005756060534229235e+01,1.141792934419739325e+01,1.535748824832292136e+00,2.739471478214075884e+00
6.846720392851053383e+00,9.622069698036799679e+00,6.849852486784108407e+00,8.011579535409463659e+00,-1.030655780560383317e+00,-7.448670522026665797e-01
2.174932531384945911e+00,-6.355548547942155402e+00,-3.265493828039878643e+00,-4.809795271961924357e+00,-8.977405674413718728e+00,-9.646494541231781739e+00
0.000000000000000000e+00,0.000000000000000000e+00,0.000000000000000000e+00,0.000000000000000000e+00,0.000000000000000000e+00,0.000000000000000000e+00
2.174932104090490093e+00,-6.099490846316416359e+00,-6.582228574675164978e+00,-7.594346358342821901e+00,-9.629984815606007942e+00,-9.379635432526097105e+00
-2.576356003508498915e+00,-2.460826123938304910e+00,5.302522759876028502e+00,-2.042603884677616666e+00,-7.050182160437191037e+00,-5.629440795803569486e+00
1.072936333135031006e+01,-1.698739999423644065e+00,-2.268266977950099239e+00,-1.212202913780906499e+00,-5.208677571357986480e+00,-7.878169730519088532e+00
6.366184605935394814e+00,-4.815361923478465478e+00,-3.196725583716115260e+00,-2.809997648726451303e+00,-7.333221493670751379e+00,-6.341044477199766938e+00
0.000000000000000000e+00,0.000000000000000000e+00,0.000000000000000000e+00,0.000000000000000000e+00,0.000000000000000000e+00,0.000000000000000000e+00
7.440590511045856559e+00,-2.029809870113379766e+00,-1.963297353038290893e+00,-2.527829867298551303e+00,-7.241075349975370834e+00,-6.498585098152636519e+00
-3.710958793186880378e+00,-4.338541328531003494e+00,4.249497532277268341e+00,-3.350796458478190853e+00,-8.671759376658449980e+00,-7.226400147544623564e+00
-3.019447835931489799e+00,-5.345656077780660098e+00,6.366184605935386820e+00,-2.509881962977364989e+00,-7.568596225457488558e+00,-7.426957287244112749e+00
-5.473221927304497747e+00,-5.739466196418995025e+00,4.249497490757744522e+00,-2.597022774096379827e+00,-9.852311765376953190e+00,-1.147851912900212668e+01
0.000000000000000000e+00,0.000000000000000000e+00,0.000000000000000000e+00,0.000000000000000000e+00,0.000000000000000000e+00,0.000000000000000000e+00
1.643541132447360908e+01,1.879999999999996874e+01,1.643539949437207071e+01,1.761196519296809981e+01,8.611960111189290501e+00,8.611941781967257015e+00
1.111069720900093039e+01,9.235472118900844407e+00,1.184784174883870378e+01,1.053370947971336058e+01,1.496131993596215626e+00,1.459307150317580515e+00
1.643587999999993343e+01,1.340734321618661617e+01,1.363751891040541508e+01,1.497832054993237350e+01,6.163159665380080199e+00,6.068769199145675586e+00
1.297761792811991199e+01,1.051647554371666082e+01,1.190374541006337594e+01,1.156994329124816367e+01,2.740271315644527750e+00,2.289236369578290020e+00
0.000000000000000000e+00,0.000000000000000000e+00,0.000000000000000000e+00,0.000000000000000000e+00,0.000000000000000000e+00,0.000000000000000000e+00
3.944285979589869928e+00,7.147330407454879797e+00,5.845576976215939524e+00,7.440590511045856559e+00,-3.168542256067333529e+00,-3.055544170571899087e+00
8.145234644592022732e+00,1.155767044120255349e+01,9.681075226922960297e+00,1.184784174883870378e+01,7.912194312979516919e-01,1.572419101242046535e+00
5.822564306502622244e+00,7.184166181639966453e+00,6.210095248270752322e+00,8.525849001056425180e+00,-2.482692009701524150e+00,-1.734174994992890406e+00
3.207002556954494210e+00,-5.332323224963797514e+00,-4.361722574731305535e+00,-5.351733808981347096e+00,-9.241694497825914567e+00,-9.361449945231315795e+00
0.000000000000000000e+00,0.000000000000000000e+00,0.000000000000000000e+00,0.000000000000000000e+00,0.000000000000000000e+00,0.000000000000000000e+00
3.207002556954498651e+00,-3.383886291582437700e+00,-2.375462263856920053e+00,-4.438835045263582302e+00,-1.033080248567122261e+01,-9.029290591521784037e+00
6.366184605935394814e+00,-2.642431903659691050e-01,1.299028857160686501e+00,-1.885905553822574632e+00,-5.993274764253970766e+00,-5.176328755489709721e+00
9.622069698036799679e+00,-2.525391288988490857e+00,3.008713029083386559e+00,-3.667084810641421111e-01,-4.694460721323327590e+00,-5.565567589010891325e+00
-4.929145010787543413e+00,-5.152817408111754816e+00,-4.178009042528205264e+00,5.302522751066442552e+00,-9.468390593859448146e+00,-7.346848455728394178e+00
0.000000000000000000e+00,0.000000000000000000e+00,0.000000000000000000e+00,0.000000000000000000e+00,0.000000000000000000e+00,0.000000000000000000e+00
6.366184605935394814e+00,-3.963015130478261483e+00,-2.992386339969269393e+00,-4.657720034478341375e+00,-7.126534733771785923e+00,-9.029930634324278671e+00
5.302522759876037384e+00,6.062402577217906874e-02,-4.396979705547920503e+00,-2.024072677513953700e+00,-8.093741629811693983e+00,-6.999396790703195315e+00
7.440590511045856559e+00,-1.541620765013409944e+00,3.229016785804647016e-01,-8.011402395140589938e-01,-5.748908406225899270e+00,-7.140223347687754796e+00
5.302522759876037384e+00,-1.412960449749505853e+00,-1.418824996495549939e+00,-4.530406687611828076e+00,-7.688382779298699177e+00,-7.644091723350183720e+00
0.000000000000000000e+00,0.000000000000000000e+00,0.000000000000000000e+00,0.000000000000000000e+00,0.000000000000000000e+00,0.000000000000000000e+00
1.526464668476715936e+01,1.760699607738173356e+01,1.643345565597532243e+01,1.761199999999995214e+01,7.433686332229766158e+00,7.433089946090881917e+00
1.297761792811991199e+01,1.004162365382754807e+01,1.142018556605135871e+01,1.054167486819523347e+01,2.667928698775748675e+00,2.478019473038083120e+00
1.527150495082524806e+01,3.280055550135378972e-01,1.718497600922880286e+00,-1.077130399184132337e+00,-5.920508797235203069e+00,-1.399824204989281728e+00
1.411874503027670791e+01,8.362153233678202291e-01,-1.932025850274566636e+00,-5.767300447782197637e-01,-5.988548709493032085e+00,-4.943208926014571070e+00
0.000000000000000000e+00,0.000000000000000000e+00,0.000000000000000000e+00,0.000000000000000000e+00,0.000000000000000000e+00,0.000000000000000000e+00
4.249497532277272782e+00,-5.732948861585974498e+00,-5.690635192226352501e+00,-5.635148593527382843e+00,-8.348285855191504012e+00,-7.630497638323285869e+00
8.525849001056425180e+00,-1.349824365554667782e+00,-2.181792499440050825e+00,-3.046871375570043838e+00,-5.155532738267702086e+00,-4.957182056479389587e+00
5.302522759876037384e+00,-4.457373600939843472e-01,-6.203320576116704288e-01,1.279488067043456745e+00,-8.207864724943172874e+00,-6.950127558942027939e+00
3.487772872802942015e+00,4.494217469403320564e+00,6.366184605935394814e+00,3.800729873260210834e+00,-4.600834344221752303e+00,-4.955838481102588844e+00
0.000000000000000000e+00,0.000000000000000000e+00,0.000000000000000000e+00,0.000000000000000000e+00,0.000000000000000000e+00,0.000000000000000000e+00
-3.649109093895877454e+00,-4.320652371290895744e+00,6.366184603993796820e+00,-2.566680704805257118e+00,-8.072765407570518192e+00,-8.383243548672389522e+00
-1.340738623078413072e+00,-1.995065516116757642e+00,9.622069696849536058e+00,-1.051723372229975473e+00,-5.097474419719593364e+00,-7.690402305759763024e+00
8.525849001056425180e+00,-5.872997394620087519e-01,-4.002380036927908336e-01,1.417085190255929827e+00,-5.049168775144203813e+00,-3.535445192087786292e+00
4.249497532277272782e+00,-6.287416944884026471e+00,-3.946523854940379383e+00,-7.216760263856754953e+00,-8.310056526548876832e+00,-8.529404858812922541e+00
0.000000000000000000e+00,0.000000000000000000e+00,0.000000000000000000e+00,0.000000000000000000e+00,0.000000000000000000e+00,0.000000000000000000e+00
5.302522759876037384e+00,-4.542054004565549974e+00,-3.470969910699291283e+00,-2.373020772445281867e+00,-8.804473776538701557e+00,-1.020907907559404570e+01
6.366184605935394814e+00,-1.030109686464653507e+00,6.545776562402741972e-01,-2.602679987452636734e+00,-9.503143838161738799e+00,-8.917636012209577245e+00
1.140894301243980058e+00,-2.895258970644301044e+00,8.525849001056425180e+00,-8.441306796212511010e-01,-7.507048609164076680e+00,-1.001947192816935228e+01
-3.380683652477972423e+00,-2.524869023319226358e+00,6.366184583915440065e+00,-5.662433101681359382e+00,-8.075035323696216238e+00,-9.115285583171056416e+00
0.000000000000000000e+00,0.000000000000000000e+00,0.000000000000000000e+00,0.000000000000000000e+00,0.000000000000000000e+00,0.000000000000000000e+00
1.411877858782492723e+01,-6.498749549832405492e-01,7.583766798550062305e-01,-1.862017117526171495e+00,-5.073168455703565449e+00,-3.055940466166954472e+00
9.271998520264321808e-01,-6.721740406294390846e-01,1.643587979196231075e+01,2.415712134653928089e+00,3.475982188091305547e-01,-3.508934599899999895e+00
1.411880598799992015e+01,1.131638343477838227e+01,1.160949437130294726e+01,1.277937132369558171e+01,3.804022728769008044e+00,3.834626360364805198e+00
7.734812775378850924e-01,-1.052546349483475918e+00,1.527053183782672541e+01,-7.781923881152353895e-01,-1.515661393239326360e+00,-3.590103672276224067e+00
0.000000000000000000e+00,0.000000000000000000e+00,0.000000000000000000e+00,0.000000000000000000e+00,0.000000000000000000e+00,0.000000000000000000e+00
3.207002556954498651e+00,-2.741225549524263450e+00,-3.514966842185689444e+00,-4.913671496192522525e+00,-6.944994328943545625e+00,-8.948147408135096015e+00
7.440590511045856559e+00,-1.209389456058014289e+00,2.683176872653916689e+00,2.343833097649921093e+00,-5.589442851338934481e+00,-5.254294612402089726e+00
-2.117634722948364079e+00,-5.330883495394241223e+00,-4.279541230537441621e+00,4.249497532277272782e+00,-9.095538368659708439e+00,-8.024919612827012827e+00
4.251062332069411198e+00,7.440590511045856559e+00,6.775390567281253773e+00,4.794736650955414348e+00,-3.565178774912682425e+00,-2.881864977359297253e+00
0.000000000000000000e+00,0.000000000000000000e+00,0.000000000000000000e+00,0.000000000000000000e+00,0.000000000000000000e+00,0.000000000000000000e+00
4.376987383909657581e+00,6.441928742417391440e+00,7.440590511045856559e+00,4.735953196733200699e+00,-2.920907524373110409e+00,-3.184316795125143873e+00
7.610884710445628976e+00,1.072936333135031006e+01,9.386420394236202114e+00,7.585051916978782671e+00,-2.002254307777519560e-01,-9.373159739521247369e-02
1.936720692658171705e+00,9.813098107251960744e-02,-9.546249781391430433e-01,7.440590511045856559e+00,-5.974037459011160678e+00,-6.165631763585278868e+00
3.207002556954494210e+00,-4.029787556369591073e+00,-4.590752576679495434e+00,-7.440778867718191414e+00,-8.320833038618783206e+00,-9.647379226721609413e+00
0.000000000000000000e+00,0.000000000000000000e+00,0.000000000000000000e+00,0.000000000000000000e+00,0.000000000000000000e+00,0.000000000000000000e+00
4.249497532277272782e+00,-4.478793343262790216e+00,-6.305862987029649425e+00,-5.020258267079945824e+00,-9.722871209677771631e+00,-8.801764573108020073e+00
7.440590511045856559e+00,-2.710250543971493009e+00,5.548233660299595194e-02,-4.886952647605256050e-01,-4.934222062266777620e+00,-8.180454704224448648e+00
9.622069698036799679e+00,3.098121064671980562e+00,2.579055772203918018e+00,1.332054177093981773e+00,-4.537199247479296815e+00,-2.783536572792510988e+00
7.440590511045856559e+00,-1.719166810122298994e+00,-5.083514742116022056e-01,8.102684289542212426e-01,-5.300289809560267074e+00,-5.446395112459184062e+00
0.000000000000000000e+00,0.000000000000000000e+00,0.000000000000000000e+00,0.000000000000000000e+00,0.000000000000000000e+00,0.000000000000000000e+00
1.297761792811991199e+01,1.049397140033383380e+01,1.022994504155357021e+01,1.231145390277386475e+01,2.621383786508624247e+00,2.306818976024165302e+00
1.527003881496406024e+01,1.761179661614355751e+01,1.761199999999995214e+01,1.527110591277049068e+01,7.435835415251070835e+00,7.435381012951314261e+00
1.283019968169179847e+01,1.024644656242067065e+01,1.020988303513033557e+01,1.297761792811991199e+01,2.600253753772043375e+00,2.597594103115559605e+00
1.643587999999993343e+01,1.329894308195566843e+01,1.370877634599527184e+01,1.366271138893123904e+01,5.679527876084844884e+00,5.966900591452228397e+00
0.000000000000000000e+00,0.000000000000000000e+00,0.000000000000000000e+00,0.000000000000000000e+00,0.000000000000000000e+00,0.000000000000000000e+00
-4.532753524875310802e+00,-4.491124538142750922e+00,-5.444961371762079061e+00,2.174932531384951240e+00,-7.788639493481575471e+00,-9.584013414065333691e+00
-1.878285432625589779e+00,-3.814491446254563822e+00,-2.022818907693549662e+00,6.366184605935394814e+00,-5.618434368924304145e+00,-6.984807904165429626e+00
-6.817708370100926452e+00,-6.527917193223793824e+00,-5.174678064543098088e+00,3.207002019648537150e+00,-7.853000681775132996e+00,-1.105244872202755246e+01
-1.557011138061438871e+00,8.525849001056425180e+00,2.318347829662986914e+00,1.165126476669717803e+00,-6.096197873344786800e+00,-5.714627041935552043e+00
0.000000000000000000e+00,0.000000000000000000e+00,0.000000000000000000e+00,0.000000000000000000e+00,0.000000000000000000e+00,0.000000000000000000e+00
6.195730129715701473e+00,8.525849001056425180e+00,6.976095708470162471e+00,6.129037567126971453e+00,-1.786265727181682861e+00,-1.721244821330228492e+00
3.139251993377776717e+00,1.184784174883870378e+01,1.015885604340579285e+00,2.452251867243800731e+00,-1.283008202197769121e+00,-7.611991125319710338e-01
-3.957703694484788315e+00,-4.692086748100100735e+00,-4.583199701825113159e+00,6.366184226516558020e+00,-7.838568734030517682e+00,-8.559631428253883456e+00
2.174932531384951240e+00,-5.270424033554625076e+00,-4.406382067097651678e+00,-5.802678070028624902e+00,-1.021809577841104577e+01,-8.636977119595485419e+00
0.000000000000000000e+00,0.000000000000000000e+00,0.000000000000000000e+00,0.000000000000000000e+00,0.000000000000000000e+00,0.000000000000000000e+00
3.207002556954365424e+00,-3.844996793443710370e+00,-6.414896751592947588e+00,-4.910204995465663025e+00,-1.089789356237538520e+01,-1.018488799647103527e+01
-3.117637113360254730e+00,-4.424374798711875556e+00,-1.719439399922356060e+00,6.366184605935229612e+00,-9.617862653885733693e+00,-7.243584220601214874e+00
8.525849001056423404e+00,-8.291011958810765581e-01,1.899480717748209369e+00,-2.518346194250468351e+00,-5.491897423806254785e+00,-4.739537076006389071e+00
-3.706413093356478505e+00,-3.651463629104934938e+00,-4.179571932079216623e+00,6.366184127354547861e+00,-7.973671563788987449e+00,-5.648078755237143866e+00
0.000000000000000000e+00,0.000000000000000000e+00,0.000000000000000000e+00,0.000000000000000000e+00,0.000000000000000000e+00,0.000000000000000000e+00
-2.499094821866201688e+00,-1.419731951653866897e+00,-1.208993014588680692e+00,1.184292050786387840e+01,-7.540136075972561969e+00,-9.057714155116766364e+00
1.643582234450490986e+01,1.879999999999996874e+01,1.761070177751078347e+01,1.643575789107334728e+01,8.611251504600973661e+00,8.611884600841053228e+00
-2.617416686605015474e+00,-1.453074838985161987e+00,-2.650020049108547937e+00,1.183793694305254540e+01,-7.553013338753151729e+00,-8.020393881931230595e+00
1.408628750728951395e+01,1.272528938468387238e+01,1.388017511510582835e+01,1.527152119999992763e+01,5.002345309322127953e+00,5.050136484599484277e+00
0.000000000000000000e+00,0.000000000000000000e+00,0.000000000000000000e+00,0.000000000000000000e+00,0.000000000000000000e+00,0.000000000000000000e+00
-2.072426938427499810e+00,7.440590511045856559e+00,-2.938250640032222805e+00,-2.717282725756205330e+00,-4.412925139729246382e+00,-4.896161460341561522e+00
2.457654266720083136e+00,1.184784174883870378e+01,1.642378471591531941e+00,1.049749123328280298e+00,-3.122478394862922002e+00,-2.625711285385205596e+00
-3.171137009910468763e+00,8.525849001056425180e+00,-1.741265328372012089e+00,-2.375098043392132929e+00,-4.726729367875860177e+00,-9.291166858223558478e+00
-4.156696601374990863e+00,-3.142509380993884882e+00,3.207002556954498651e+00,-1.537537209402328187e-01,-8.012939805340829835e+00,-7.845233727732447093e+00
0.000000000000000000e+00,0.000000000000000000e+00,0.000000000000000000e+00,0.000000000000000000e+00,0.000000000000000000e+00,0.000000000000000000e+00
-3.002353869474231551e+00,-4.901380590163237017e+00,3.207002556954498651e+00,-3.409813488989430930e+00,-8.661338451708250119e+00,-7.810027848165992381e+00
-1.869775352008351987e+00,-8.333197525581566012e-01,6.366184605935394814e+00,3.171028742046644311e-01,-7.106864421291356315e+00,-7.590909123609873355e+00
1.184784174883870378e+01,8.979169446157429846e+00,9.214108452182045994e+00,1.004596398619569086e+01,1.504693996640720677e+00,1.589216546827888932e+00
7.440590511045856559e+00,4.769373303235456163e+00,5.059177980660839680e+00,5.687812398204585840e+00,-2.692280657028736091e+00,-2.713506066341880185e+00
0.000000000000000000e+00,0.000000000000000000e+00,0.000000000000000000e+00,0.000000000000000000e+00,0.000000000000000000e+00,0.000000000000000000e+00
8.525849001056425180e+00,6.101527510358429218e+00,5.440507839980878835e+00,7.089248555563655962e+00,-1.817641905513374789e+00,-1.821289786811937761e+00
-3.815762593713090567e+00,-2.131933754599480313e+00,5.302522759876037384e+00,-2.101663997857943222e+00,-8.889872303747280213e+00,-5.560583926507323582e+00
-5.041442638701582268e+00,-2.765911184920070154e-01,7.440590511045856559e+00,-3.877936802921895243e-01,-4.868937044948104642e+00,-7.934551417211058499e+00
-5.504299354288306745e+00,-3.356354131364324367e+00,5.302522759876037384e+00,-3.601508605193565860e+00,-7.464460686478517459e+00,-8.182967820439097650e+00
0.000000000000000000e+00,0.000000000000000000e+00,0.000000000000000000e+00,0.000000000000000000e+00,0.000000000000000000e+00,0.000000000000000000e+00
1.493660341549028558e+01,1.761199999999995214e+01,1.490368700971141180e+01,1.600739857571774039e+01,7.229608250898043487e+00,7.079488044110650691e+00
1.060365498881349211e+01,1.065668202972705636e+01,1.297761792811991199e+01,1.164371658957575484e+01,2.691453350426100233e+00,2.719419942924779843e+00
1.761199999999995214e+01,1.527140616116082050e+01,1.527113625884671322e+01,1.643581235587197042e+01,7.435810138338375452e+00,7.435520459742789967e+00
1.184521445477868973e+01,1.184073145703807306e+01,1.411880598799992015e+01,1.292696401463300759e+01,3.974272800176307019e+00,3.969310907566462099e+00
0.000000000000000000e+00,0.000000000000000000e+00,0.000000000000000000e+00,0.000000000000000000e+00,0.000000000000000000e+00,0.000000000000000000e+00
3.403270398537163288e+00,6.366184605935394814e+00,3.684567721898138526e+00,5.710595992914023533e+00,-3.804186626852387398e+00,-3.902535272894866125e+00
7.994355718716499304e+00,1.072936333135031006e+01,8.128184414866099772e+00,1.018637071793952842e+01,-3.090702869464004299e-01,1.008677688481384727e-01
4.372180264660668669e+00,7.440590511045856559e+00,4.856368935677286558e+00,6.534250378076860599e+00,-3.199715853248182640e+00,-2.838279492371270418e+00
-5.405084845704255514e-01,1.844007865930040735e-01,4.249497532277272782e+00,8.439144186764973021e-01,-7.445742504447464327e+00,-6.528118376786405719e+00
0.000000000000000000e+00,0.000000000000000000e+00,0.000000000000000000e+00,0.000000000000000000e+00,0.000000000000000000e+00,0.000000000000000000e+00
-5.726483924867740161e-01,-3.230207853780428517e-01,4.249497532277272782e+00,-1.771677478080366797e+00,-6.379988093753936162e+00,-6.346725833235034031e+00
3.918621915077034501e+00,2.605416485002806315e+00,7.440590511045856559e+00,2.389850660641541946e+00,-3.432419494096799806e+00,-3.275248794615471137e+00
7.879634758011215823e+00,8.023481812294271265e+00,7.676475004689693904e+00,1.072936333135031006e+01,4.268586543040130410e-01,1.194627583736816850e-01
3.495723566175395813e+00,3.098658782541209966e+00,3.339327834821363528e+00,6.366184605935394814e+00,-4.240020188768505172e+00,-4.283927662676271453e+00
0.000000000000000000e+00,0.000000000000000000e+00,0.000000000000000000e+00,0.000000000000000000e+00,0.000000000000000000e+00,0.000000000000000000e+00
4.825584178769438459e+00,4.367574451133481084e+00,4.956241889223263364e+00,7.440590511045856559e+00,-2.976139972350403617e+00,-2.803196721804574576e+00
-1.744576687145430238e+00,2.523733934267494483e+00,6.366184605935394814e+00,1.494662128383689614e+00,-7.777339775884615669e+00,-7.635646513259432666e+00
3.485041717746592660e+00,4.332076159289496076e+00,8.525849001056425180e+00,3.177387050306226701e+00,-3.010580623975176451e+00,-2.931494839748556736e+00
2.060991863297839011e+00,1.000210312655134715e+00,6.366184605935394814e+00,2.751495012977335453e+00,-5.307273826281691420e+00,-6.084394588801531611e+00
0.000000000000000000e+00,0.000000000000000000e+00,0.000000000000000000e+00,0.000000000000000000e+00,0.000000000000000000e+00,0.000000000000000000e+00
1.409464219201500690e+01,1.643587999999993343e+01,1.410761559384445363e+01,1.642948896025428951e+01,6.258761970279194564e+00,6.258472108986671500e+00
1.181536284833398831e+01,1.184654693571160067e+01,1.411880598799992015e+01,1.181129095086691017e+01,3.976586003623300059e+00,3.976427399600166446e+00
1.403949976980789849e+01,1.411602697876214485e+01,1.410441089271380655e+01,1.643587999999993343e+01,6.269073808378424317e+00,6.268124697384533484e+00
1.291304137435570354e+01,1.294104382151149579e+01,1.527152119999992763e+01,1.297277168444036377e+01,5.097362082915012138e+00,5.115672387477580685e+00
0.000000000000000000e+00,0.000000000000000000e+00,0.000000000000000000e+00,0.000000000000000000e+00,0.000000000000000000e+00,0.000000000000000000e+00
2.584172924024112028e+00,1.832857838813706453e+00,1.299441150917540311e+00,5.302522759876037384e+00,-5.769675717499340273e+00,-5.783813057431411053e+00
5.679939439879518659e+00,6.529470946297982969e+00,6.943756161083487477e+00,9.622069698036799679e+00,-2.148783691842304222e+00,-1.172347216915776480e+00
2.560440392594116155e+00,2.348460865188619628e+00,2.685293779046084239e+00,6.366184605935394814e+00,-4.113970611617453699e+00,-4.144638987973479516e+00
2.013543250101463289e-01,5.302522759876037384e+00,3.011814845575818911e+00,8.222272429553840745e-01,-5.275272645980399133e+00,-5.732068237018721035e+00
0.000000000000000000e+00,0.000000000000000000e+00,0.000000000000000000e+00,0.000000000000000000e+00,0.000000000000000000e+00,0.000000000000000000e+00
1.246871442481631842e+00,2.471783774247034771e+00,5.302522759876037384e+00,1.275223477287793727e+00,-5.360432251528113312e+00,-5.251282182178833580e+00
3.687509920233488891e+00,7.168895467105371289e+00,8.525849001056425180e+00,4.005683262250710364e+00,-2.816122145860747938e+00,-2.733537138476955342e+00
5.477989072203556020e+00,6.729882095715908896e+00,5.539083266382422543e+00,9.622069698036799679e+00,-2.780665175954045942e+00,-1.336465265708740358e+00
2.102896634883130833e+00,2.016579613075868860e+00,1.986729907265261996e+00,5.302522759876037384e+00,-6.084760408767576401e+00,-4.973454784139826224e+00
0.000000000000000000e+00,0.000000000000000000e+00,0.000000000000000000e+00,0.000000000000000000e+00,0.000000000000000000e+00,0.000000000000000000e+00
2.333606706422084454e+00,2.178457378992571414e+00,1.208448867463712384e+00,6.366184605935394814e+00,-5.705541405907747610e+00,-4.273494844855620478e+00
4.400469056555370351e+00,4.606477030148089291e+00,7.440590511045856559e+00,4.818852737002884190e+00,-3.979023188972827363e+00,-3.227397312216660374e+00
5.266807070651068123e+00,6.389350786541703187e+00,9.622069698036799679e+00,5.713284240774137324e+00,-2.165297833811294481e+00,-1.927534493575808305e+00
4.211912043377823878e+00,3.806621432410082218e+00,7.440590511045856559e+00,3.295289945976336732e+00,-4.494644787378932804e+00,-4.461914344093500517e+00
0.000000000000000000e+00,0.000000000000000000e+00,0.000000000000000000e+00,0.000000000000000000e+00,0.000000000000000000e+00,0.000000000000000000e+00
1.278581359304767595e+01,1.293825625611385455e+01,1.294899096132381189e+01,1.527152119999992763e+01,5.115949179761659416e+00,5.113850581371013782e+00
1.283065394719523411e+01,1.524068050296312649e+01,1.527152119999992763e+01,1.297582806898600616e+01,5.116416510967927600e+00,5.117310810791434683e+00
1.286302241285820713e+01,1.297223117562025863e+01,1.297326648964462770e+01,1.527152119999992763e+01,5.116000622072152559e+00,5.115808930733000359e+00
1.405855056190396191e+01,1.399431162575517362e+01,1.643587999999993343e+01,1.411469273615327680e+01,6.259188977438551404e+00,6.260765349153646575e+00
0.000000000000000000e+00,0.000000000000000000e+00,0.000000000000000000e+00,0.000000000000000000e+00,0.000000000000000000e+00,0.000000000000000000e+00
-2.711109453755385368e-01,-1.236185624350506052e+00,4.644080086669189478e-01,4.249497532277272782e+00,-6.136009275685913700e+00,-7.105575971503072630e+00
4.625040043769246267e-01,3.102056303737761311e+00,2.682932716859859568e+00,8.525849001056425180e+00,-2.772473552392918261e+00,-2.411914767384120140e+00
4.386062730390384856e-01,-1.613163557254654323e-01,4.015430263642016939e-01,5.302522759876037384e+00,-6.525731966844629639e+00,-8.040814017239341638e+00
-2.694804551528364733e+00,6.366184605935394814e+00,-2.092557790882055180e+00,5.380696563118720910e-01,-8.144195979663866325e+00,-8.635404317729099333e+00
0.000000000000000000e+00,0.000000000000000000e+00,0.000000000000000000e+00,0.000000000000000000e+00,0.000000000000000000e+00,0.000000000000000000e+00
2.609288957301059586e+00,6.366184605935394814e+00,5.168529640744600862e+00,3.605916423065533394e+00,-3.872676192733925049e+00,-4.476787171939321297e+00
6.138369182912848387e+00,9.622069698036799679e+00,7.215515761508514814e+00,5.637932603217229222e+00,-9.017288602711638346e-01,-8.009728926818374672e-01
-3.024772211722882354e+00,-1.226979144654440468e+00,2.238391486297561794e-01,8.525849001056425180e+00,-6.096240163494574205e+00,-4.132247219265903659e+00
-3.008033365822746497e-01,6.916428811239556662e-01,-6.720211955583565988e-02,4.249497532277272782e+00,-6.419006695296824994e+00,-6.706053822802041431e+00
0.000000000000000000e+00,0.000000000000000000e+00,0.000000000000000000e+00,0.000000000000000000e+00,0.000000000000000000e+00,0.000000000000000000e+00
-1.177499840035376222e+00,2.905026759057752206e-01,1.945449186521053253e+00,5.302522759876037384e+00,-5.310597003754178758e+00,-5.134196745388533323e+00
8.525849001056425180e+00,5.551908441061500277e+00,5.685859849532108434e+00,5.883829249850649035e+00,-2.451982673360406206e+00,-1.987642565512080406e+00
1.072936333135031006e+01,8.106333354302336147e+00,8.158170196649136230e+00,8.015885170938087612e+00,4.701209609070217121e-01,5.591950679398778323e-01
8.525849001056425180e+00,5.531008889975328913e+00,5.566401989090453917e+00,5.965110556724374291e+00,-1.793042590918101586e+00,-2.011663131235383872e+00
0.000000000000000000e+00,0.000000000000000000e+00,0.000000000000000000e+00,0.000000000000000000e+00,0.000000000000000000e+00,0.000000000000000000e+00
1.184536110010582988e+01,1.182968246734729156e+01,1.184346469135340563e+01,1.411880598799992015e+01,3.960495628646571120e+00,3.963760249487678244e+00
1.411873971067883282e+01,1.643587999999993343e+01,1.643540446421693701e+01,1.411833766086548358e+01,6.271433767158880457e+00,6.271514588596566853e+00
1.125509566066882883e+01,1.131681699178520617e+01,1.135361815052305090e+01,1.411880598799992015e+01,3.852475040344850221e+00,3.806139324721703687e+00
1.761199999999995214e+01,1.527143393053668419e+01,1.527067900962915914e+01,1.527136872005050527e+01,7.434312634990429380e+00,7.435628374855893341e+00
0.000000000000000000e+00,0.000000000000000000e+00,0.000000000000000000e+00,0.000000000000000000e+00,0.000000000000000000e+00,0.000000000000000000e+00
-5.394595135503660543e+00,-4.141199802989921075e+00,-6.006423044039999937e+00,3.207002556954476002e+00,-8.368214123898356505e+00,-9.499602474407797814e+00
-1.948577109883697034e+00,5.235468044092583817e-02,-1.624105058568949822e+00,7.440590511045856559e+00,-6.817295596325917195e+00,-6.539425546594652694e+00
-4.955120365006926875e+00,-6.629496282979179256e+00,-5.614358709699918570e+00,4.249497436594200650e+00,-8.658084793004206858e+00,-1.062973240540216757e+01
-3.952742109840083451e+00,7.440590511045856559e+00,-3.652376943096433681e-01,8.828635186143978242e-01,-7.471165971462363053e+00,-6.264114601083540457e+00
0.000000000000000000e+00,0.000000000000000000e+00,0.000000000000000000e+00,0.000000000000000000e+00,0.000000000000000000e+00,0.000000000000000000e+00
-2.315253910224361888e+00,7.440590511045856559e+00,1.408506288650359428e+00,-2.713034770227445991e-01,-7.353959150512883625e+00,-6.187238369678539129e+00
1.173606166582226162e-01,1.072936333135031006e+01,2.165561742872771589e+00,2.994481062919666314e+00,-4.498756940849256480e+00,-4.810269233973105685e+00
-3.505772306604080235e+00,-4.415749675701171384e+00,-5.488767858372934683e+00,7.440590290903195125e+00,-5.149945096288737645e+00,-9.847103139240857672e+00
-5.200714495964049888e+00,-5.849908627220793633e+00,-7.498167066956037630e+00,3.207002556954498651e+00,-9.557394590797191114e+00,-8.859068841602503852e+00
0.000000000000000000e+00,0.000000000000000000e+00,0.000000000000000000e+00,0.000000000000000000e+00,0.000000000000000000e+00,0.000000000000000000e+00
-3.483481464258522120e+00,-4.732896951222345550e+00,-3.687964190670571796e+00,4.249497532277272782e+00,-9.460418266558557221e+00,-9.810338523916135145e+00
7.440590312695472441e+00,-4.978710174630538887e+00,-1.892485395914595747e+00,-3.720713523782721133e+00,-8.768835498603317902e+00,-8.365922246492305092e+00
-9.766803094698803811e-01,8.323429306991592114e-01,-1.207024458759765162e+00,9.622069698036799679e+00,-4.144081789652293679e+00,-7.525347233363669730e+00
-3.912803099312628152e+00,-5.020736592417780919e+00,-7.359472243003231107e-01,7.440590497770201317e+00,-9.628837975070219102e+00,-8.994522626764631212e+00
0.000000000000000000e+00,0.000000000000000000e+00,0.000000000000000000e+00,0.000000000000000000e+00,0.000000000000000000e+00,0.000000000000000000e+00
-1.079815531978769449e+00,-2.280472503429061604e+00,-8.551901342914907111e-01,1.297760820081493627e+01,-8.723973847198980280e+00,-4.350990313728377856e+00
-7.717185132973456430e-01,1.761199999999929489e+01,6.408201424436908766e+00,3.868320804199982366e+00,1.293006486989190407e+00,-1.007969364498316089e+00
-2.454064414042000042e+00,-2.383449894974702499e+00,-1.025849005554068105e+00,1.296972908072430819e+01,-4.972786891427430689e+00,-5.795982861388225160e+00
1.643587023878135156e+01,-5.585006001876035020e-01,1.167022217774853043e+00,-6.371270988417999659e-01,-1.669256914376210599e+00,-1.929670309900000102e+00
0.000000000000000000e+00,0.000000000000000000e+00,0.000000000000000000e+00,0.000000000000000000e+00,0.000000000000000000e+00,0.000000000000000000e+00
-3.807604185436443522e+00,6.366184605935377938e+00,-2.220386273556015144e+00,-2.025423989784058687e-01,-9.246725962286440392e+00,-6.933098600402241907e+00
1.202363349938580184e+00,1.072936333135031006e+01,-3.760948545198492532e-01,-1.449889171869346516e+00,-5.035687286502292359e+00,-4.135920689640370185e+00
-1.676752186152590252e+00,7.440590511045843236e+00,-1.326162981442188249e+00,-3.723944186930077116e-01,-8.884964699915014918e+00,-6.933794763946369955e+00
-5.969684916149082810e+00,2.174932531384943690e+00,-5.016355160431416493e+00,-2.964181046040657463e+00,-9.804054113235734391e+00,-9.908765921500144458e+00
0.000000000000000000e+00,0.000000000000000000e+00,0.000000000000000000e+00,0.000000000000000000e+00,0.000000000000000000e+00,0.000000000000000000e+00
-6.351569675625826861e+00,2.174932531384840662e+00,-4.769311820093203202e+00,-6.902673917046874053e+00,-1.006752941001638035e+01,-7.912791509230920006e+00
-3.173397913788942315e+00,5.302522759875980540e+00,-3.840437466862299587e+00,-2.907381294901583590e+00,-6.291980603797743932e+00,-5.430060564469518347e+00
1.297761792811991199e+01,9.535032127460066675e+00,1.157602173236924159e+01,1.158213641368902636e+01,2.654166900710026145e+00,2.592813404560290635e+00
8.525849001056425180e+00,6.072887571129145456e+00,7.026481867770405287e+00,6.734909756174978668e+00,-1.858391206939089546e+00,-1.833789234202122476e+00
0.000000000000000000e+00,0.000000000000000000e+00,0.000000000000000000e+00,0.000000000000000000e+00,0.000000000000000000e+00,0.000000000000000000e+00
9.622069698036799679e+00,6.982873296973663990e+00,7.841043334858534664e+00,7.588273270438725682e+00,-5.449672078220509919e-01,-7.476172341090373541e-01
-5.878272239880255157e+00,4.249497532277247025e+00,-5.000334015661369591e+00,-3.370316138417826846e+00,-1.016960539842609990e+01,-8.882530378521082071e+00
-4.394142477514741962e+00,6.366184605934646967e+00,-3.293776822182350017e+00,-9.966013745626624010e-01,-7.752626898252231058e+00,-8.570049952234398916e+00
-4.497256293694386287e+00,4.249497532277191958e+00,-5.868428097202718519e+00,-5.843452167890184512e+00,-7.995055437345268246e+00,-1.090198730202374300e+01
0.000000000000000000e+00,0.000000000000000000e+00,0.000000000000000000e+00,0.000000000000000000e+00,0.000000000000000000e+00,0.000000000000000000e+00
1.339521626057951664e+01,1.643587999999993343e+01,1.490331854189277472e+01,1.497166151079378871e+01,5.956929552585108034e+00,6.173927548775523633e+00
9.359369179452677656e+00,1.184784174883870378e+01,1.035498556791692693e+01,1.045930978571135128e+01,1.549335253203602880e+00,1.645671030023865500e+00
1.879999999999996874e+01,1.643561349643144709e+01,1.761182546194317666e+01,1.761196155610966230e+01,8.611699832606525717e+00,8.611959115698159195e+00
1.042829999479944902e+01,1.297761792811991199e+01,1.144759516854086812e+01,1.167557604826836837e+01,2.704305906645132929e+00,2.620514032431314977e+00
0.000000000000000000e+00,0.000000000000000000e+00,0.000000000000000000e+00,0.000000000000000000e+00,0.000000000000000000e+00,0.000000000000000000e+00
-3.728803237362294798e-01,5.302522759876037384e+00,-1.277377543455041398e+00,-1.840085875714028152e+00,-6.895003234139520210e+00,-6.601737918648383108e+00
2.528753899151138240e-01,9.622069698036799679e+00,-1.399279734297922850e+00,4.614610831401348534e+00,-5.175698172980015777e+00,-4.077017174175534109e+00
-1.585021010110080120e+00,6.366184605935394814e+00,-4.869626994411799803e-01,1.518146970340658486e+00,-6.645075080647755428e+00,-6.306981348719156166e+00
-4.919981576435354498e+00,-5.522176869307437563e+00,3.207002556954454242e+00,-4.839344406842553958e+00,-7.651883411363383125e+00,-7.842845547603440437e+00
0.000000000000000000e+00,0.000000000000000000e+00,0.000000000000000000e+00,0.000000000000000000e+00,0.000000000000000000e+00,0.000000000000000000e+00
-5.376346547637388618e+00,3.207002556954488881e+00,-5.845638471917020240e+00,-3.779150222994640096e+00,-8.365697321050014068e+00,-7.490427087220408175e+00
-2.112709446228217658e+00,6.366184605935387708e+00,-7.704822453922695047e-01,-1.852783190734036634e+00,-6.730945725987210082e+00,-4.417403317149649844e+00
-1.788546147178446066e+00,9.622069698036799679e+00,-1.237377445629275652e+00,-1.993510467409413733e+00,-6.336667383305054635e+00,-2.544221228105431276e+00
-5.638538152782942348e+00,5.302522759876037384e+00,-2.627407350987382095e+00,-3.632156141387876680e+00,-7.173136883390542451e+00,-9.467392830673496462e+00
0.000000000000000000e+00,0.000000000000000000e+00,0.000000000000000000e+00,0.000000000000000000e+00,0.000000000000000000e+00,0.000000000000000000e+00
-1.355847269837737734e+00,6.366184605935394814e+00,-2.631066059895953213e+00,-2.277275841358918917e+00,-8.176745073950797860e+00,-6.462756994725856963e+00
-5.220259555535505136e+00,-6.131172695498847247e+00,5.302522634374824406e+00,-3.502826074544198587e+00,-8.185564871238339535e+00,-9.575494670233309691e+00
4.824395331161482892e-01,-4.520388320194806298e+00,7.440590511045856559e+00,-1.000302044648203603e-01,-6.926445705184345769e+00,-7.539078324036259104e+00
-5.154550371105367290e+00,5.302522759876037384e+00,-7.648828237969986787e-01,-1.283315844619743018e+00,-6.707869599828349294e+00,-9.071974583376064771e+00
0.000000000000000000e+00,0.000000000000000000e+00,0.000000000000000000e+00,0.000000000000000000e+00,0.000000000000000000e+00,0.000000000000000000e+00
-9.308299205194623394e-01,1.527151090671491929e+01,4.296794574414308787e-01,5.282183652554266473e-01,-7.418224468090921508e-01,-5.623947005279546829e+00
-1.308713056364445348e+00,1.297450529167579525e+01,-1.348181372797491839e+00,-1.292228528628528661e+00,-5.075535924008704569e+00,-5.443801659469888143e+00
-1.552439218226518314e+00,1.526408042170352530e+01,-1.432696226799719197e+00,-1.374933074075781247e+00,-5.655079131955281113e+00,-6.230365345486614359e+00
-1.578101323254084365e+00,-1.439053973679396137e+00,1.411162014594009229e+01,1.212206170079313639e+00,-2.819536299417757519e+00,-1.440916298574052901e+00
0.000000000000000000e+00,0.000000000000000000e+00,0.000000000000000000e+00,0.000000000000000000e+00,0.000000000000000000e+00,0.000000000000000000e+00
-4.542254435155658854e+00,-4.102195442627469824e+00,-5.183651556401101423e+00,4.249497532277272782e+00,-6.519703957869737110e+00,-7.471433392669966089e+00
-1.003880326972075743e+00,8.525848902023486886e+00,1.265981043603190415e-01,-2.485750849311096022e+00,-5.172589362037097516e+00,-6.515745177004794719e+00
-4.155129709618266887e+00,-5.839344412120061278e+00,-3.457718725801474768e+00,5.302522742907542330e+00,-8.992468955134011566e+00,-9.259369630387716654e+00
-2.509164682238306021e+00,4.249497532277272782e+00,-1.804928167332762623e+00,-2.168346113479758586e+00,-8.599312776138210879e+00,-8.366460360597825385e+00
0.000000000000000000e+00,0.000000000000000000e+00,0.000000000000000000e+00,0.000000000000000000e+00,0.000000000000000000e+00,0.000000000000000000e+00
-5.671703661157310172e+00,4.249497532277272782e+00,-5.509542940778474396e+00,-4.955293619826230511e+00,-1.052278224146009045e+01,-8.562219115239498635e+00
-3.307839723848267965e+00,7.440590511045856559e+00,-2.324831418619139001e+00,-1.673411464588244080e+00,-4.441219552580540686e+00,-4.698559269030099905e+00
-1.866236239385067996e+00,8.525849001056425180e+00,-2.342699732441865024e+00,-1.086353410783314599e+00,-7.792824296585258992e+00,-6.007903713532772194e+00
-3.855677905709890219e+00,4.249497532277272782e+00,-3.363953175563579201e+00,-5.020820955898876115e+00,-9.910409631494555782e+00,-8.161714834872389801e+00
0.000000000000000000e+00,0.000000000000000000e+00,0.000000000000000000e+00,0.000000000000000000e+00,0.000000000000000000e+00,0.000000000000000000e+00
-3.936619232043302663e+00,-6.456520530416067771e+00,-4.478559866537849210e+00,5.302522745131414972e+00,-8.360692385480069433e+00,-1.083634534795921134e+01
-3.543424835225816860e-02,6.366184605935394814e+00,-1.265097674869302358e+00,2.408849922609176963e-01,-8.169612940003609936e+00,-6.270559361941627330e+00
-7.075357275539155832e-01,8.525849001056425180e+00,-3.195490518903394417e-01,-6.538794052804155488e-01,-7.078221977937589671e+00,-6.679219736696492049e+00
-2.624529903204668280e+00,6.366184605935394814e+00,-4.830464002524523792e+00,-2.441126181278034935e+00,-9.936514613442628985e+00,-8.398646271366148497e+00
0.000000000000000000e+00,0.000000000000000000e+00,0.000000000000000000e+00,0.000000000000000000e+00,0.000000000000000000e+00,0.000000000000000000e+00
-1.402245520595273076e+00,3.145774242062842063e-01,-1.242149207776580555e+00,1.408859761244660191e+01,-4.549437261599217130e+00,-3.568668499477485767e+00
-1.262722447227430322e+00,1.409878545448604292e+01,-1.269914489037110794e+00,1.105702818576024260e-01,-3.580332813299479167e+00,-4.891785444475520883e+00
-1.610060457877521056e+00,1.410217964132941937e+01,6.603635142000336966e-01,1.339314856395362963e+00,-3.485502279999999953e+00,-2.584626821966585553e+00
-1.223348866298770155e+00,1.527151428028681934e+01,1.662835770488184872e+00,1.678952407732410279e-01,-4.242207556481991659e+00,-4.370363378705860669e+00
0.000000000000000000e+00,0.000000000000000000e+00,0.000000000000000000e+00,0.000000000000000000e+00,0.000000000000000000e+00,0.000000000000000000e+00
-6.912599985381334911e+00,3.207002556954498651e+00,-4.691987987045685315e+00,-5.178854821117513829e+00,-7.679215205786047882e+00,-7.129162736522075328e+00
-1.379201847040852247e+00,7.440590511045718003e+00,-3.268902796799510124e+00,-3.640077552682349449e+00,-6.477845862284937972e+00,-5.695586585920577427e+00
-5.672497790016503671e+00,4.249497532277272782e+00,-2.524741030397487762e+00,-1.973674725505636385e+00,-7.678624586274406916e+00,-9.016996347009701651e+00
-4.679278590056629383e+00,5.302522759876037384e+00,-3.585226860525485115e+00,-3.502438951854036642e+00,-7.452828866966872745e+00,-8.737294166870050560e+00
0.000000000000000000e+00,0.000000000000000000e+00,0.000000000000000000e+00,0.000000000000000000e+00,0.000000000000000000e+00,0.000000000000000000e+00
-3.237971830106060267e+00,5.302522759876031166e+00,-3.549853991619468907e+00,-2.957849811210631064e+00,-7.764126686556592993e+00,-7.627399601775855409e+00
-2.627828317001255520e+00,8.525849001056425180e+00,-1.340298025298573448e+00,1.038581739747456600e+00,-6.504150019590593246e+00,-3.130796225596651716e+00
-1.802138016589697855e+00,7.440590511045856559e+00,-6.050371494753963297e-01,2.025224374648812997e+00,-5.675718902430666013e+00,-5.790325746114761252e+00
-5.911505738988002356e+00,3.207002556954498651e+00,-4.170175632664832044e+00,-3.586818135023175369e+00,-9.104393946909627999e+00,-9.134896981301489305e+00
0.000000000000000000e+00,0.000000000000000000e+00,0.000000000000000000e+00,0.000000000000000000e+00,0.000000000000000000e+00,0.000000000000000000e+00
-2.986942232332325364e+00,4.249497532277272782e+00,-2.068612704339179320e+00,-1.851041646886887548e+00,-8.557783306000752432e+00,-7.734093231265624979e+00
9.622069698036799679e+00,7.265249106118929490e+00,7.052275757432971304e+00,7.852054646872117516e+00,-8.678257801473229227e-01,-9.114599157911327243e-01
1.184784174883870378e+01,9.275527674418492907e+00,9.026773567696661615e+00,9.855330156794012808e+00,1.432871320771281098e+00,1.349608764069110123e+00
9.622069698036799679e+00,6.989510513007946457e+00,6.959620891218795791e+00,7.976556702854736614e+00,-6.470510344619553322e-01,-8.172203605951743333e-01
0.000000000000000000e+00,0.000000000000000000e+00,0.000000000000000000e+00,0.000000000000000000e+00,0.000000000000000000e+00,0.000000000000000000e+00
1.031321240532183303e+01,1.297761792811991199e+01,9.931625420956434525e+00,1.109949910938342477e+01,2.557839822547051334e+00,2.518066580878999705e+00
1.258028618985531999e+01,1.527152119999992763e+01,1.433220644038921598e+01,1.340794840318688230e+01,4.831886293294879842e+00,5.011271014082387509e+00
1.048571792736004937e+01,1.297761792811991199e+01,7.337697501791096144e+00,1.155620390170792611e+01,2.401861146176409889e+00,2.803760193797260936e+00
1.879999999999996874e+01,1.643510450420630775e+01,1.643443637991059703e+01,1.761173166707503057e+01,8.611878238847067379e+00,8.611832329220410642e+00
0.000000000000000000e+00,0.000000000000000000e+00,0.000000000000000000e+00,0.000000000000000000e+00,0.000000000000000000e+00,0.000000000000000000e+00
-5.730605907877445837e+00,2.174931634301545458e+00,-5.521365308535920668e+00,-4.542886620400551578e+00,-8.835157169340153160e+00,-8.063650124531445584e+00
-2.454740402771374175e+00,6.366184605934923191e+00,-3.943871359336118765e+00,-2.865956160088478200e+00,-9.160623335077353602e+00,-8.126660836474437488e+00
-3.602716734147203947e+00,-4.154200216692766290e+00,-5.352404880164868928e+00,3.207002556954493766e+00,-1.026422507710812226e+01,-7.839248316330412969e+00
-4.365716735082728839e+00,6.366184605935378826e+00,-4.284377241494865984e+00,-2.691088600222035776e+00,-7.086754658640900040e+00,-7.101301639024499401e+00
0.000000000000000000e+00,0.000000000000000000e+00,0.000000000000000000e+00,0.000000000000000000e+00,0.000000000000000000e+00,0.000000000000000000e+00
-5.079826520930860845e+00,6.366184605935375274e+00,-4.396203927068564887e+00,-2.877159633341230371e+00,-1.011989008402578882e+01,-7.541054520970893904e+00
-1.384517760297443889e+00,9.622069698032049700e+00,-2.134375959091966424e-01,-1.313817883617772742e+00,-6.629075644509477172e+00,-4.131531019955751560e+00
-5.691220251218413573e+00,-4.464291788428807806e+00,-4.596957190309657548e+00,6.366184509171839423e+00,-8.404430011926868005e+00,-6.745990169195698272e+00
-5.712820152781576510e+00,-4.366968842337662693e+00,-4.730801555898559663e+00,2.174932531384758061e+00,-9.637264245462029422e+00,-1.003764391078957452e+01
0.000000000000000000e+00,0.000000000000000000e+00,0.000000000000000000e+00,0.000000000000000000e+00,0.000000000000000000e+00,0.000000000000000000e+00
-6.053414680602479336e+00,-7.539767566996593118e+00,-3.030230138417128849e+00,3.207002556954479555e+00,-1.003762850393718509e+01,-1.200350735601751495e+01
-1.014614880844586731e+00,-2.792060365346244133e+00,-4.858377391119410582e-01,8.525849001056425180e+00,-7.280432937597357324e+00,-8.016763971895095153e+00
6.209896437747499665e-01,-1.842307455306185782e+00,-3.003390342998339069e+00,1.072936332643051394e+01,-5.867778301523949303e+00,-7.703087119403236649e+00
-4.665749670362655976e+00,-4.639731037047186035e+00,-2.350864349826591315e+00,8.525848979361134283e+00,-5.496790783290310678e+00,-7.280538626445267170e+00
0.000000000000000000e+00,0.000000000000000000e+00,0.000000000000000000e+00,0.000000000000000000e+00,0.000000000000000000e+00,0.000000000000000000e+00
-2.511548198445575419e+00,1.172317535528210186e+01,-1.955535350177670217e+00,-2.548900855413672950e+00,-7.422613489631441297e+00,-5.201896073010092714e+00
-8.985587284425337051e-01,1.641637022931968204e+01,-8.654272002855243340e-01,-7.392613199887665409e-01,-3.444433100175565698e+00,-1.909899999999999931e+00
-2.727184784388959837e+00,1.090344787081067857e+01,-2.606494109509701396e+00,-2.687650573359586570e+00,-8.710117466754388360e+00,-8.610940213671815613e+00
1.761199999959270102e+01,2.820508770779106555e+00,4.015727148797388679e+00,7.145211790507387306e+00,1.269519625395576945e+00,1.021046741613174325e+00
0.000000000000000000e+00,0.000000000000000000e+00,0.000000000000000000e+00,0.000000000000000000e+00,0.000000000000000000e+00,0.000000000000000000e+00
-3.733776311850768970e+00,5.302521889689035817e+00,-4.360118164116195238e+00,-2.078816776066868321e+00,-5.698331097075881146e+00,-1.095763724070856782e+01
-1.719386739839945610e+00,9.622069322027956062e+00,1.512817579547364177e-01,-2.923410370333195729e+00,-6.480774305801509705e+00,-5.135588206955510771e+00
-4.270053924861641370e+00,6.366182583893548852e+00,-4.323573969722324328e+00,-5.395297411495380224e+00,-7.095884151221380165e+00,-9.772269380491845681e+00
-6.257834051880412751e+00,1.153181321703949935e+00,-6.189219999502053149e+00,-7.773625233318730565e+00,-8.808523009773519874e+00,-9.507094689961917311e+00
0.000000000000000000e+00,0.000000000000000000e+00,0.000000000000000000e+00,0.000000000000000000e+00,0.000000000000000000e+00,0.000000000000000000e+00
-6.595009745763164233e+00,1.153180929386022679e+00,-6.598182370549083409e+00,-7.294524584529515465e+00,-9.574022036422737969e+00,-1.035731869710269315e+01
-4.172700937366362162e+00,4.249496711479382682e+00,-5.028808373215349903e+00,-3.421531459145888743e+00,-7.138810480118237933e+00,-8.112160654944128524e+00
1.263867023458581862e+01,1.136983536460549971e+01,1.274137931009084035e+01,1.205900160397088072e+01,1.411880598799992015e+01,3.577213178811929239e+00
8.264514606489619553e+00,7.229790865047092119e+00,8.322113158611196937e+00,7.938290849845921926e+00,9.622069698036799679e+00,-7.448964560793603917e-01
0.000000000000000000e+00,0.000000000000000000e+00,0.000000000000000000e+00,0.000000000000000000e+00,0.000000000000000000e+00,0.000000000000000000e+00
9.544743972142612165e+00,8.146826028977971035e+00,9.505135793806699596e+00,9.377198455547608447e+00,1.072936333135031006e+01,4.644049625519146574e-01
-7.024149738886140248e+00,3.207001780343477826e+00,-5.311502130253931142e+00,-6.743554898026738798e+00,-1.060773383512540846e+01,-8.660100557752373973e+00
-4.638562104054843260e+00,5.302519842147327189e+00,-4.653388629132479082e+00,-3.000803482279690293e+00,-6.649541939479910013e+00,-1.122383830310898389e+01
-5.492160607192647426e+00,3.206996333945525635e+00,-4.507527132336013764e+00,-6.394784342210508399e+00,-1.061178081042640464e+01,-1.070264176294914726e+01
0.000000000000000000e+00,0.000000000000000000e+00,0.000000000000000000e+00,0.000000000000000000e+00,0.000000000000000000e+00,0.000000000000000000e+00
1.391008621201666706e+01,1.527152119999992763e+01,1.380357731775853658e+01,1.372565746741881298e+01,4.656322750315691650e+00,1.271886468664983916e+01
9.080400134978100724e+00,1.072936333135031006e+01,9.573669504910391481e+00,9.362129777399317732e+00,4.123923241000680973e-01,7.832589181723118799e+00
1.879963406560497674e+01,1.761101981315529841e+01,1.879945615795692504e+01,1.879988705236187130e+01,9.799978677399927562e+00,1.999999999999998579e+01
1.038213593284191916e+01,1.184784174883870378e+01,1.060746722163937150e+01,9.830377072683512907e+00,1.520674918487411542e+00,9.396919801169827835e+00
0.000000000000000000e+00,0.000000000000000000e+00,0.000000000000000000e+00,0.000000000000000000e+00,0.000000000000000000e+00,0.000000000000000000e+00
-4.374135793604129852e+00,4.249497382127719547e+00,-3.860590333384060546e+00,-6.131682963896114558e+00,-9.785393115191958202e+00,-7.756948779747022016e+00
-2.568164924226814527e+00,8.525849001056409193e+00,-1.773064222876157725e+00,-1.584455508541270152e+00,-6.321404710820414330e+00,-5.399281587895931267e+00
-2.437068659736262077e+00,5.302522759876030278e+00,-5.084559485963406900e+00,-5.916341697704066149e+00,-9.204776410450778101e+00,-8.742916336978060698e+00
-5.951505448932458364e+00,2.174930699548967006e+00,-4.980802416295812662e+00,-5.909960754214409029e+00,-8.552346862390470150e+00,-9.366033149805106817e+00
0.000000000000000000e+00,0.000000000000000000e+00,0.000000000000000000e+00,0.000000000000000000e+00,0.000000000000000000e+00,0.000000000000000000e+00
-4.840987355028095962e+00,2.174931584773270199e+00,-6.228260341067135997e+00,-6.392188836094078397e+00,-8.917614252491848248e+00,-9.279086866221497587e+00
-3.356252420616330223e+00,5.302522505616936499e+00,-2.812493750524042824e+00,-2.907345688789884974e+00,-6.969497436798500978e+00,-6.812643177323512766e+00
-4.775539982781243253e+00,8.525847541452000300e+00,-3.704125622770788162e+00,-3.641374210697342129e+00,-8.453776591972969712e+00,-9.075846231594738356e+00
-5.849970835661331137e+00,4.249496856584520366e+00,-6.865455242912246625e+00,-6.838463301058716581e+00,-1.181223465232282877e+01,-1.032704836768813728e+01
0.000000000000000000e+00,0.000000000000000000e+00,0.000000000000000000e+00,0.000000000000000000e+00,0.000000000000000000e+00,0.000000000000000000e+00
-6.555737858202520307e+00,5.302522759875951230e+00,-3.263229985902476926e+00,-3.633737929263378241e+00,-9.419198726697914026e+00,-1.013884613100126231e+01
-5.403199508081417690e+00,-6.268050832751606016e+00,4.249495417748993198e+00,-4.478973234964600536e+00,-1.082203643830873752e+01,-9.852061090676659916e+00
-3.744697681564425729e+00,6.366184554612359214e+00,-3.201727049495101340e+00,-4.735236994734051130e+00,-7.722077456948022167e+00,-7.597131996590133163e+00
-5.359330371331411769e+00,4.249497094192177471e+00,-6.299895541936785470e+00,-4.499034376327196938e+00,-1.104195096276596111e+01,-1.087779303968587996e+01
0.000000000000000000e+00,0.000000000000000000e+00,0.000000000000000000e+00,0.000000000000000000e+00,0.000000000000000000e+00,0.000000000000000000e+00
-1.040177485429300219e+00,3.072083380831793775e+00,-1.062966351982415736e+00,-1.093686731915495258e+00,-1.973642522445158143e+00,-3.575159028635690017e+00
-1.241379464641463981e+00,-1.309250556590907388e+00,-1.335361170154337529e+00,-1.273190273246944226e+00,-4.900827240345242863e+00,-4.892715227713251736e+00
-1.455274087763747559e+00,-2.612099404841814465e-01,-1.535875715729848157e+00,-1.479485875785956805e+00,-4.927843580971942750e+00,-8.022628344758796715e+00
-1.421344894580946150e+00,3.156084972164197033e-02,-1.413297341399787133e+00,-1.469388863505978859e+00,-6.099840931151264911e+00,-3.584993473738670833e+00
0.000000000000000000e+00,0.000000000000000000e+00,0.000000000000000000e+00,0.000000000000000000e+00,0.000000000000000000e+00,0.000000000000000000e+00
-6.277026641064155754e+00,3.207002484347505789e+00,-4.660222883520392045e+00,-3.357285301132044708e+00,-7.791803639471594600e+00,-7.021193440758577431e+00
-3.459309541868784699e+00,-2.760041064174960646e+00,-2.880211737798166638e+00,7.440589950851131285e+00,-7.074702708437871301e+00,-6.174181900202162510e+00
-5.192416449615731011e+00,-4.132971963055892317e+00,-5.156737210579652064e+00,4.249497358792278412e+00,-8.410275593537040351e+00,-8.733866146023240518e+00
-5.214248388896223219e+00,3.207002422089573646e+00,-4.883914043841695474e+00,-6.616248904349946613e+00,-8.584457087264087960e+00,-9.109278286170319205e+00
0.000000000000000000e+00,0.000000000000000000e+00,0.000000000000000000e+00,0.000000000000000000e+00,0.000000000000000000e+00,0.000000000000000000e+00
-6.865421958423973514e+00,3.207002177553281097e+00,-5.919337522754260839e+00,-5.885353442138304914e+00,-7.021895082904620722e+00,-8.282704140827343409e+00
-1.163089489442754365e+00,6.366184569737780130e+00,-3.603562014371774591e+00,-4.513476993411927651e+00,-5.781133312255150258e+00,-4.729785873358137493e+00
-5.002313523010697871e+00,7.440588867662725647e+00,-4.970530384926446388e+00,-3.073690186442361139e+00,-8.247380467462608777e+00,-6.649821521513790579e+00
-5.258625276117909308e+00,3.207002164556635559e+00,-6.136907642214332270e+00,-6.037407122832396666e+00,-7.542387269874059719e+00,-8.823777642891348805e+00
0.000000000000000000e+00,0.000000000000000000e+00,0.000000000000000000e+00,0.000000000000000000e+00,0.000000000000000000e+00,0.000000000000000000e+00
-6.767729213764240193e+00,-5.651587973768792850e+00,-4.902379410453575836e+00,4.249495702831108446e+00,-9.140592802552522045e+00,-9.059328580405303200e+00
-4.066614020794996343e+00,5.302522759875877512e+00,-3.289681930909864160e+00,-4.223231729065784812e+00,-7.034855100546108631e+00,-9.053372134364256141e+00
-3.482058660441167852e+00,7.440589865300954564e+00,-3.511948655221456939e+00,-2.711392451649952129e+00,-8.875337571020736505e+00,-8.015612845460566405e+00
-5.096026651042489419e+00,5.302519331969374861e+00,-5.138973621426940142e+00,-6.133017609577676943e+00,-8.067004162429588732e+00,-1.041312638911064603e+01
0.000000000000000000e+00,0.000000000000000000e+00,0.000000000000000000e+00,0.000000000000000000e+00,0.000000000000000000e+00,0.000000000000000000e+00
-1.273615585876097134e+00,-1.205468095136694284e+00,-1.229980855716007015e+00,-9.935629775489452920e-01,-3.534097170609100225e+00,-5.489096620004525917e+00
-1.261869882888992711e+00,-1.321704748932561957e+00,-1.275227356473539020e+00,-1.293911219882616592e+00,-3.590389525017009031e+00,-3.496254796719999725e+00
-1.551356476641483129e+00,-1.657845126802944602e+00,-1.521967841258909049e+00,-1.526851549613786441e+00,-6.902742065200730082e+00,-6.613132763596019537e+00
-1.258061196663088355e+00,-1.326849677080013556e+00,-1.285921266689400433e+00,-1.327864353500530115e+00,-3.547523205267977708e+00,-4.282763951952958337e+00
0.000000000000000000e+00,0.000000000000000000e+00,0.000000000000000000e+00,0.000000000000000000e+00,0.000000000000000000e+00,0.000000000000000000e+00
-4.264849211175596011e+00,2.174932531380633360e+00,-6.428152636536747622e+00,-6.329704004829411090e+00,-7.667022607702757675e+00,-9.572077453526073754e+00
-5.207479538210673553e+00,6.366184074056121744e+00,-4.318918787098465550e+00,-4.183303752299261546e+00,-7.113517067102947955e+00,-7.222676492896175304e+00
-5.133999756271578008e+00,3.207002292662668008e+00,-6.098370825848400401e+00,-4.540504851187860957e+00,-1.024488966570939397e+01,-1.004731253740515129e+01
-4.010488101579409381e+00,4.249497206599260224e+00,-5.686989971568268132e+00,-4.287680554956097900e+00,-8.283465833533229628e+00,-9.085486084394901241e+00
0.000000000000000000e+00,0.000000000000000000e+00,0.000000000000000000e+00,0.000000000000000000e+00,0.000000000000000000e+00,0.000000000000000000e+00
-5.785288238845996744e+00,4.249496826588981868e+00,-4.751535180438431816e+00,-4.031611320657122022e+00,-9.376490313969702228e+00,-7.854784488584669155e+00
-2.771913902344019132e+00,7.440590270794267269e+00,-1.660034696591964121e+00,-1.840051763069673108e+00,-6.065360112520504998e+00,-5.874461301317483120e+00
-1.968385548779294059e+00,6.366184605935214513e+00,-3.992114210355762527e+00,-2.022180052166361541e+00,-7.840784037911009641e+00,-7.625261618085449555e+00
-6.210566222456674446e+00,2.174930117985111266e+00,-8.010399143665678068e+00,-6.158625603543545601e+00,-9.500266787631211685e+00,-1.034015017760792610e+01
0.000000000000000000e+00,0.000000000000000000e+00,0.000000000000000000e+00,0.000000000000000000e+00,0.000000000000000000e+00,0.000000000000000000e+00
-5.893538920335021025e+00,3.207002487422144110e+00,-7.611874953821407885e+00,-5.877150311796191851e+00,-8.165177085482033803e+00,-9.107241494058539999e+00
9.051551333203430971e+00,8.391818992254691523e+00,8.304286694931645840e+00,9.504464859496827955e+00,1.072936333135031006e+01,4.657575887255744895e-01
1.163991887284364246e+01,1.049377390901295115e+01,1.031316607335390323e+01,1.149347115383969609e+01,1.297761792811991199e+01,2.740934096606971071e+00
9.460974661242225636e+00,7.973055956436509994e+00,8.306852145910816887e+00,9.395949696817424979e+00,1.072936333135031006e+01,4.987396219451762369e-01
0.000000000000000000e+00,0.000000000000000000e+00,0.000000000000000000e+00,0.000000000000000000e+00,0.000000000000000000e+00,0.000000000000000000e+00
1.045171170505773439e+01,1.184784174883870378e+01,7.918595976003331316e+00,1.025703447704025528e+01,1.624159431339851078e+00,9.331857801709343647e+00
1.221715133527102815e+01,1.411880598799992015e+01,9.624951309257598453e+00,1.213747261037300440e+01,3.676113340192947998e+00,1.138026832554776213e+01
1.054502865840867187e+01,1.184784174883870378e+01,8.625527391363192464e+00,1.041410131156262331e+01,1.644165465319288977e+00,9.009955931139888463e+00
1.879967718696325107e+01,1.761185576326820978e+01,1.761146526812058610e+01,1.879971424760023879e+01,9.799988984463896102e+00,1.999999999999998579e+01
0.000000000000000000e+00,0.000000000000000000e+00,0.000000000000000000e+00,0.000000000000000000e+00,0.000000000000000000e+00,0.000000000000000000e+00
-7.239297179326426246e+00,-6.433162993478150682e+00,-4.738954399400073569e+00,1.153175039375561095e+00,-8.461538421450969238e+00,-8.431510278188051544e+00
-5.317470268675508649e+00,5.302484762281771680e+00,-5.245274124500730828e+00,-5.288759295525252924e+00,-6.716665733294336249e+00,-8.453011395797517480e+00
-6.916614066023342389e+00,2.174930369428286880e+00,-5.462348909787610118e+00,-6.023463942972580476e+00,-9.078219214522132319e+00,-9.772811575302862153e+00
-5.584631509873365651e+00,5.302522207361715090e+00,-5.517921075033005884e+00,-3.919830377921829090e+00,-8.889273549654001627e+00,-8.269687155704719572e+00
0.000000000000000000e+00,0.000000000000000000e+00,0.000000000000000000e+00,0.000000000000000000e+00,0.000000000000000000e+00,0.000000000000000000e+00
-5.828832119338868134e-01,5.302522497523108669e+00,-3.224038343350982494e+00,-4.861704387424941487e+00,-8.779678922365480531e+00,-5.813394152528823078e+00
-2.599016665883087107e+00,8.525820042750410721e+00,-2.313563703367187419e+00,-2.129053839484807309e+00,-6.268053280457126952e+00,-4.404869697871609979e+00
-4.929488568057630360e+00,-4.804121636396684991e+00,-3.999434573956033301e+00,5.302515423808091377e+00,-9.949216591670023035e+00,-9.231193397276568291e+00
-6.128044803121121653e+00,1.153178155377437619e+00,-6.676655505769772070e+00,-8.172506136059995541e+00,-1.049629808692623811e+01,-1.030673981200414602e+01
0.000000000000000000e+00,0.000000000000000000e+00,0.000000000000000000e+00,0.000000000000000000e+00,0.000000000000000000e+00,0.000000000000000000e+00
-7.968592517345975068e+00,2.174931649195052330e+00,-6.248220249475497035e+00,-4.394943388099007642e+00,-1.060860099646823151e+01,-1.123082445599980517e+01
-1.831846662073647325e+00,-1.045570605285058630e+00,-2.902571896538256091e+00,9.622069635290362299e+00,-9.724007621234965981e+00,-8.227584453857978986e+00
-7.320763479736673851e-01,-2.571790500406284874e+00,1.014930442459359261e+00,1.184784174756572916e+01,-6.889389168263784669e+00,-2.444340534441153068e+00
-1.857565440770803544e+00,-3.097698712313512459e+00,-3.069716496985314791e+00,9.622069664851848003e+00,-6.427063106054965225e+00,-6.962178674325381067e+00
0.000000000000000000e+00,0.000000000000000000e+00,0.000000000000000000e+00,0.000000000000000000e+00,0.000000000000000000e+00,0.000000000000000000e+00
-2.827144056040817865e+00,-1.646647989763965203e+00,-2.773946617338325815e+00,1.035535213271864485e+01,-8.186313033809819117e+00,-5.679018264761387158e+00
-3.667066818124626870e-01,1.389751667820195102e+01,-1.184060685199060714e+00,-1.271197639917055699e+00,-5.477001058351758545e+00,-7.348268096884546630e+00
-2.913720196913733851e+00,-2.950625164459187211e+00,-2.907643826490065919e+00,1.054601436581837959e+01,-9.495374370105240658e+00,-7.852249079541683052e+00
4.563381354681816049e+00,4.363478741614768452e+00,8.566766384642265919e+00,1.879999999999996874e+01,2.333772241190020580e+00,9.564036539401020720e-01
